<?xml version="1.0" encoding="UTF-8"?>
<GenRun Id="gen_RAM_synth_1" LaunchPart="xc7k70tfbv676-1" LaunchTime="1712893349">
  <File Type="PA-TCL" Name="gen_RAM.tcl"/>
  <File Type="REPORTS-TCL" Name="gen_RAM_reports.tcl"/>
  <File Type="RDS-RDS" Name="gen_RAM.vds"/>
  <File Type="RDS-UTIL" Name="gen_RAM_utilization_synth.rpt"/>
  <File Type="RDS-UTIL-PB" Name="gen_RAM_utilization_synth.pb"/>
  <File Type="RDS-DCP" Name="gen_RAM.dcp"/>
  <FileSet Name="sources" Type="BlockSrcs" RelSrcDir="$PSRCDIR/gen_RAM" RelGenDir="$PGENDIR/gen_RAM">
    <File Path="$PSRCDIR/sources_1/ip/gen_RAM/gen_RAM.xci">
      <FileInfo>
        <Attr Name="UsedIn" Val="synthesis"/>
        <Attr Name="UsedIn" Val="implementation"/>
        <Attr Name="UsedIn" Val="simulation"/>
      </FileInfo>
    </File>
    <Config>
      <Option Name="TopModule" Val="gen_RAM"/>
      <Option Name="UseBlackboxStub" Val="1"/>
    </Config>
  </FileSet>
  <FileSet Name="constrs_in" Type="BlockSrcs" RelSrcDir="$PSRCDIR/gen_RAM" RelGenDir="$PGENDIR/gen_RAM">
    <File Path="$PSRCDIR/sources_1/ip/gen_RAM/gen_RAM.xci">
      <FileInfo>
        <Attr Name="UsedIn" Val="synthesis"/>
        <Attr Name="UsedIn" Val="implementation"/>
        <Attr Name="UsedIn" Val="simulation"/>
      </FileInfo>
    </File>
    <Config>
      <Option Name="TopModule" Val="gen_RAM"/>
      <Option Name="UseBlackboxStub" Val="1"/>
    </Config>
  </FileSet>
  <FileSet Name="utils" Type="Utils" RelSrcDir="$PSRCDIR/utils_1" RelGenDir="$PGENDIR/utils_1">
    <Filter Type="Utils"/>
    <Config>
      <Option Name="TopAutoSet" Val="TRUE"/>
    </Config>
  </FileSet>
  <Strategy Version="1" Minor="2">
    <StratHandle Name="Vivado Synthesis Defaults" Flow="Vivado Synthesis 2023"/>
    <Step Id="synth_design"/>
  </Strategy>
</GenRun>
